aba decides against community broadcasting licence,Negative
act fire witnesses must be aware of defamation,Negative
ag calls for infrastructure protection summit,Positive
air nz staff in aust strike for pay rise,Negative
air nz strike to affect australian travellers,Negative
ambitious olsson wins triple jump,Positive
antic delighted with record breaking barca,Positive
aussie qualifier stosur wastes four memphis match,Negative
aust addresses un security council over iraq,Positive
australia is locked into war timetable opp,Negative
australia to contribute 10 million in aid to iraq,Positive
barca take record as robson celebrates birthday in,Positive
bathhouse plans move ahead,Positive
big hopes for launceston cycling championship,Positive
big plan to boost paroo water supplies,Positive
blizzard buries united states in bills,Negative
brigadier dismisses reports troops harassed in,Negative
british combat troops arriving daily in kuwait,Negative
bryant leads lakers to double overtime win,Negative
bushfire victims urged to see centrelink,Negative
businesses should prepare for terrorist attacks,Negative
calleri avenges final defeat to eliminate massu,Neutral
call for ethanol blend fuel to go ahead,Neutral
carews freak goal leaves roma in ruins,Negative
cemeteries miss out on funds,Negative
code of conduct toughens organ donation regulations,Neutral
commonwealth bank cuts fixed home loan rates,Positive
community urged to help homeless youth,Positive
council chief executive fails to secure position,Negative
councillor to contest wollongong as independent,Positive
council moves to protect tas heritage garden,Positive
council welcomes ambulance levy decision,Positive
council welcomes insurance breakthrough,Positive
crean tells alp leadership critics to shut up,Negative
dargo fire threat expected to rise,Negative
death toll continues to climb in south korean subway,Negative
dems hold plebiscite over iraqi conflict,Positive
dent downs philippoussis in tie break thriller,Neutral
de villiers to learn fate on march 5,Neutral
digital tv will become commonplace summit,Neutral
direct anger at govt not soldiers crean urges,Negative
dispute over at smithton vegetable processing plant,Negative
dog mauls 18 month old toddler in nsw,Neutral
dying korean subway passengers phoned for help,Negative
england change three for wales match,Neutral
epa still trying to recover chemical clean up costs,Positive
expressions of interest sought to build livestock,Neutral
fed opp to re introduce national insurance,Neutral
firefighters contain acid spill,Negative
four injured in head on highway crash,Negative
freedom records net profit for third successive,Positive
funds allocated for domestic violence victims,Positive
funds allocated for youth at risk,Positive
funds announced for bridge work,Positive
funds to go to cadell upgrade,Positive
funds to help restore cossack,Positive
german court to give verdict on sept 11 accused,Neutral
gilchrist backs rest policy,Negative
girl injured in head on highway crash,Negative
gold coast to hear about bilby project,Neutral
golf club feeling smoking ban impact,Positive
govt is to blame for ethanols unpopularity opp,Negative
greens offer police station alternative,Positive
griffiths under fire over project knock back,Negative
group to meet in north west wa over rock art,Neutral
hacker gains access to eight million credit cards,Negative
hanson is grossly naive over nsw issues costa,Positive
hanson should go back where she came from nsw mp,Negative
harrington raring to go after break,Negative
health minister backs organ and tissue storage,Positive
heavy metal deposits survey nearing end,Positive
injured rios pulls out of buenos aires open,Neutral
inquest finds mans death accidental,Neutral
investigations underway into death toll of korean,Positive
investigation underway into elster creek spill,Negative
iraqs neighbours plead for continued un inspections,Negative
iraq to pay for own rebuilding white house,Positive
irish man arrested over omagh bombing,Positive
irrigators vote over river management,Positive
israeli forces push into gaza strip,Negative
jury to consider verdict in murder case,Positive
juvenile sex offenders unlikely to reoffend as,Positive
kelly disgusted at alleged bp ethanol scare,Neutral
kelly not surprised ethanol confidence low,Negative
korean subway fire 314 still missing,Negative
last minute call hands alinghi big lead,Positive
low demand forces air service cuts,Negative
man arrested after central qld hijack attempt,Positive
man charged over cooma murder,Positive
man fined after aboriginal tent embassy raid,Positive
man jailed over keno fraud,Positive
man with knife hijacks light plane,Negative
martin to lobby against losing nt seat in fed,Neutral
massive drug crop discovered in western nsw,Positive
mayor warns landfill protesters,Positive
meeting to consider tick clearance costs,Positive
meeting to focus on broken hill water woes,Positive
moderate lift in wages growth,Positive
more than 40 pc of young men drink alcohol at,Negative
more water restrictions predicted for northern tas,Negative
Petrol bombs and water cannons mark violent escalation in Hong Kong protests, negative